id,stationName,fuelTypeCode,ownerTypeCode,country,state,city,streetAddress,zip,openDate,updatedAt,accessCode,accessDaysTime,accessDetailCode,cardsAccepted,dateLastConfirmed,expectedDate,groupsWithAccessCode,maximumVehicleClass,restrictedAccess,statusCode,facilityType,stationPhone,geocodeStatus,latitude,longitude,intersectionDirections,plus4,bdBlends,cngDispenserNum,cngFillTypeCode,cngHasRng,cngPsi,cngRenewableSource,cngTotalCompression,cngTotalStorage,cngVehicleClass,e85BlenderPump,evDcFastNum,evLevel1EvseNum,evLevel2EvseNum,evNetwork,evNetworkWeb,evOtherEvse,evPricing,evRenewableSource,evWorkplaceCharging,hyIsRetail,hyStatusLink,lngHasRng,lngRenewableSource,lngVehicleClass,lpgPrimary,ngFillTypeCode,ngPsi,ngVehicleClass,rdBlendedWithBiodiesel,rdBlends,rdBlendsFr,rdMaxBiodieselLevel,npsUnitName,accessDaysTimeFr,intersectionDirectionsFr,bdBlendsFr,groupsWithAccessCodeFr,evPricingFr,restricted_access_bool,ev_workplace_charging_bool,hy_is_retail_bool,lng_has_rng_bool
6505,City of Pasadena - Holly Street Garage,ELEC,LG,US,CA,Pasadena,150 E Holly St,91103,2014-01-20 00:00:00+00:00,2025-07-17 16:07:56+00:00,public,24 hours daily; pay lot,,CREDIT,2025-06-06 00:00:00+00:00,,Public,LD,False,E,PARKING_GARAGE,626-744-7665,200-8,34.148,-118.147,,,,,,,,,,,,,,,26.0,Non-Networked,,,Free,,False,,,,,,,,,,,,,,,,,,Public,,False,False,,
6506,City of Pasadena - De Lacey Garage,ELEC,LG,US,CA,Pasadena,45 De Lacey Ave,91105,1997-08-30 00:00:00+00:00,2025-06-06 18:42:11+00:00,public,24 hours daily; pay lot,,CREDIT,2025-06-06 00:00:00+00:00,,Public,LD,False,E,PARKING_GARAGE,626-744-7665,GPS,34.145,-118.153,,,,,,,,,,,,,,,3.0,Non-Networked,,,Free,,False,,,,,,,,,,,,,,,,,,Public,,False,False,,
6507,City of Pasadena - Schoolhouse Garage,ELEC,LG,US,CA,Pasadena,33 E Green St,91105,1997-08-30 00:00:00+00:00,2025-06-06 18:42:11+00:00,public,24 hours daily; pay lot,,CREDIT,2025-06-06 00:00:00+00:00,,Public,LD,False,E,PARKING_GARAGE,626-744-7665,GPS,34.145,-118.15,,,,,,,,,,,,,,,3.0,Non-Networked,,,"$1 for the first two hours, $2 each additional hour",,False,,,,,,,,,,,,,,,,,,Public,,False,False,,
23480,Clean Energy - City of Tulare,LNG,LG,US,CA,Tulare,3989 S K St,93274,1996-05-15 00:00:00+00:00,2025-09-12 21:23:31+00:00,public,24 hours daily; call 866-809-4869 for Clean Energy card,CREDIT_CARD_ALWAYS,A CleanEnergy Comdata D FleetOne FuelMan M V Voyager Wright_Exp,2025-09-12 00:00:00+00:00,,Public - Credit card at all times,HD,False,E,MUNI_GOV,866-809-4869,200-9,36.169,-119.338,"South on Hwy 99, exit at Paige going west, 1 mile to South K St, go 1 mile south; LCNG station",,,,,,,,,,,,,,,,,,,,,,,True,NONE,HD,,,,HD,,,,,,,,,Public - Carte de crédit en tout temps,,False,,,True
30131,Air Products - Torrance,HY,P,US,CA,Torrance,2051 W 190th St,90504,2017-08-21 00:00:00+00:00,2025-08-22 18:45:04+00:00,public,24 hours daily,CREDIT_CARD_ALWAYS,A D Debit M V,2025-05-12 00:00:00+00:00,,Public - Credit card at all times,LD,False,E,GAS_STATION,833-743-5542,200-8,33.859,-118.315,,,,,,,,,,,,,,,,,,,,,,True,https://m.h2fcp.org/content/torrance,,,,,,,,,,,,,,,,Public - Carte de crédit en tout temps,,False,,True,
32051,Victor Valley Transit Authority,LNG,LG,US,CA,Barstow,100 N Sandstone Ct,92311,2006-06-15 00:00:00+00:00,2025-06-06 18:39:50+00:00,public,24 hours daily; customers must have a Fleetstar card to pay for LNG; Also accepts Fleetstar card,KEY_ALWAYS,CREDIT M V Voyager Wright_Exp,2024-07-11 00:00:00+00:00,,Public - Card key at all times,HD,False,E,MUNI_GOV,760-948-4021,200-9,34.886,-117.079,"LCNG station. I-15 to Highway 58, right on W Main St, left on Sandstone Ct.",,,,,,,,,,,,,,,,,,,,,,,True,NONE,HD,,,,HD,,,,,,,,,Public - Carte-clé en tout temps,,False,,,True
33717,Seattle-Tacoma International Airport - General Parking,ELEC,P,US,WA,Seattle,17801 Pacific Hwy S,98188,2010-03-01 00:00:00+00:00,2025-06-06 18:42:11+00:00,public,24 hours daily; pay lot; Drivers must bring their own J1772 cordset for Level 1 charging,,A Cash CREDIT D Debit M V,2025-06-06 00:00:00+00:00,,Public,LD,False,E,AIRPORT,206-787-5388,200-8,47.443,-122.296,7th floor parking garage,,,,,,,,,,,,,,68.0,Non-Networked,,,$8.00 per hour parking fee; $37.00 per day parking fee,NONE,False,,,,,,,,,,,,,,,,,,Public,,False,False,,
34319,Clean Energy - Riverside County Waste Management,LNG,LG,US,CA,Riverside,1810 Agua Mansa Rd,92509,2002-05-15 00:00:00+00:00,2025-09-12 21:23:31+00:00,public,24 hours daily; call 866-809-4869 for Clean Energy card,CREDIT_CARD_ALWAYS,A CleanEnergy Comdata D EFS FuelMan M Tchek V Voyager Wright_Exp,2025-09-12 00:00:00+00:00,,Public - Credit card at all times,HD,False,E,STANDALONE_STATION,866-809-4869,200-8,34.021,-117.385,LCNG station,,,,,,,,,,,,,,,,,,,,,,,True,NONE,HD,,,,HD,,,,,,,,,Public - Carte de crédit en tout temps,,False,,,True
35074,Clean Energy - Port of Long Beach,LNG,P,US,CA,Wilmington,3400 I St,90744,2009-07-15 00:00:00+00:00,2025-09-12 21:23:31+00:00,public,24 hours daily; call 866-809-4869 for Clean Energy card,CREDIT_CARD_ALWAYS,CleanEnergy D FuelMan M V Voyager Wright_Exp,2025-09-12 00:00:00+00:00,,Public - Credit card at all times,HD,False,E,STANDALONE_STATION,866-809-4869,GPS,33.783,-118.222,At intersection of W Anaheim St & E I St; LCNG station.,,,,,,,,,,,,,,,,,,,,,,,True,NONE,HD,,,,HD,,,,,,,,,Public - Carte de crédit en tout temps,,False,,,True
36571,Noil Energy,LNG,P,US,CA,Long Beach,1234 W Cowles St,90813,2018-05-09 00:00:00+00:00,2025-06-06 18:42:11+00:00,public,24 hours daily,,Cash Checks D M V,2025-06-06 00:00:00+00:00,,Public,HD,False,E,CONVENIENCE_STORE,562-491-1228,200-9,33.784,-118.208,"710 Freeway to Anaheim West, take the first right on Harbor Ave, then the first right on Cowles St",,,,,,,,,,,,,,,,,,,,,,,False,,HD,,,,HD,,,,,,,,,Public,,False,,,False
36928,New London Parking Authority - Water Street Public Parking Garage,ELEC,LG,US,CT,New London,160 Water St,6320,2013-07-01 00:00:00+00:00,2025-02-12 00:16:32+00:00,public,Restricted to garage hours; pay lot; Drivers must bring their own J1772 cordset for Level 1 charging,,A ANDROID_PAY APPLE_PAY CREDIT D Debit M V,2024-04-14 00:00:00+00:00,,Public,LD,False,E,PAY_GARAGE,860-443-1775,GPS,41.355,-72.094,Located outside off entrance from Water St and inside upon entering garage,,,,,,,,,,,,,2.0,4.0,Non-Networked,,1 Conductive 120V,Free,,False,,,,,,,,,,,,,,,,,,Public,,False,False,,
38488,Clean Energy - Dillon Transport,LNG,P,US,TX,Dallas,4600 Irving Blvd,75247,2012-10-08 00:00:00+00:00,2025-09-12 21:23:31+00:00,public,24 hours daily; call 866-809-4869 for Clean Energy card; Also accepts PFGiftCard,CREDIT_CARD_ALWAYS,A CleanEnergy Comdata D EFS FleetOne FuelMan M TCH Tchek V Voyager Wright_Exp,2025-09-12 00:00:00+00:00,,Public - Credit card at all times,HD,False,E,STANDALONE_STATION,866-809-4869,200-9,32.808,-96.897,LCNG station,,,,,,,,,,,,,,,,,,,,,,,True,NONE,HD,,,,HD,,,,,,,,,Public - Carte de crédit en tout temps,,False,,,True
39314,Super 8 - Ukiah,ELEC,P,US,CA,Ukiah,693 S Orchard Ave,95482,2011-05-15 00:00:00+00:00,2025-05-12 16:15:59+00:00,public,24 hours daily; guest use only,CALL,A Cash D M V,2025-05-12 00:00:00+00:00,,Public - Call ahead,LD,True,E,HOTEL,707-468-8181,GPS,39.146,-123.198,"Highway 101, Gobbi St exit",,,,,,,,,,,,,,1.0,Non-Networked,,,$10 per session,,False,,,,,,,,,,,,,,,,,,Public - Appeler à l'avance,,True,False,,
40794,O'Hare Airport,ELEC,P,US,IL,Chicago,10000 W O'Hare Ave,60666,2011-02-11 00:00:00+00:00,2025-02-12 00:16:32+00:00,public,24 hours daily; pay lots,CREDIT_CARD_ALWAYS,A D M V,2024-09-12 00:00:00+00:00,,Public - Credit card at all times,LD,False,E,AIRPORT,800-832-6352,GPS,41.979,-87.903,Located in lots A and F,,,,,,,,,,,,,,6.0,Non-Networked,,,Free,,False,,,,,,,,,,,,,,,,,,Public - Carte de crédit en tout temps,,False,False,,
41264,Greenville-Spartanburg International Airport - Parking Lot B,ELEC,SG,US,SC,Greer,1980 GSP Dr,29651,2011-09-01 00:00:00+00:00,2025-07-09 17:54:55+00:00,public,24 hours daily; pay lot,CREDIT_CARD_ALWAYS,A D M V,2023-06-12 00:00:00+00:00,,Public - Credit card at all times,LD,False,E,AIRPORT,864-877-7426  864-662-4301,200-8,34.889,-82.216,,,,,,,,,,,,,,,2.0,Non-Networked,,,Free,,False,,,,,,,,,,,,,,,,,,Public - Carte de crédit en tout temps,,False,False,,
42907,Elizabeth Parking Authority - J Christian Bollwage Garage,ELEC,LG,US,NJ,Elizabeth,37 Caldwell Pl,7201,2012-04-15 00:00:00+00:00,2023-02-14 15:54:11+00:00,public,Restricted to garage hours; pay lot,CREDIT_CARD_ALWAYS,M V,2023-02-13 00:00:00+00:00,,Public - Credit card at all times,LD,True,E,PARKING_GARAGE,908-353-0949,200-9,40.664,-74.217,Located on lower level of garage,,,,,,,,,,,,,,2.0,Non-Networked,,,Free,,False,,,,,,,,,,,,,,,,,,Public - Carte de crédit en tout temps,,True,False,,
42927,The Green Parking Garage,ELEC,P,US,NC,Charlotte,435 S Tryon St,28202,2011-08-08 00:00:00+00:00,2023-02-14 15:54:11+00:00,public,Garage business hours; pay lot,,Cash M V,2023-01-10 00:00:00+00:00,,Public,LD,False,E,PAY_GARAGE,604-338-3232,200-9,35.224,-80.846,At S Tryon St and Levine Avenue of the Arts,,,,,,,,,,,,,,6.0,Non-Networked,,,Free,,False,,,,,,,,,,,,,,,,,,Public,,False,False,,
43659,Clean Energy - Carlisle Flying J #708,LNG,P,US,PA,Carlisle,1501 Harrisburg Pike,17013,2014-01-28 00:00:00+00:00,2025-09-12 21:23:31+00:00,public,24 hours daily; call 866-809-4869 for Clean Energy card; Also accepts PFGift Card,CREDIT_CARD_ALWAYS,A CleanEnergy Comdata D EFS FleetOne FuelMan M TCH V Voyager Wright_Exp,2025-09-12 00:00:00+00:00,,Public - Credit card at all times,HD,False,E,TRAVEL_CENTER,866-809-4869,200-9,40.236,-77.123,LCNG station,,,,,,,,,,,,,,,,,,,,,,,True,NONE,HD,,,,HD,,,,,,,,,Public - Carte de crédit en tout temps,,False,,,True
43673,Clean Energy - Fort Worth South,LNG,P,US,TX,Fort Worth,1075 Everman Pkwy,76140,2024-10-22 00:00:00+00:00,2025-09-12 21:23:31+00:00,public,24 hours daily; call 866-809-4869 for Clean Energy card; Also accepts PFGift Card,CREDIT_CARD_ALWAYS,A CleanEnergy Comdata D EFS FuelMan M Speedway TCH Tchek V Voyager Wright_Exp,2025-09-12 00:00:00+00:00,,Public - Credit card at all times,HD,False,E,FLEET_GARAGE,866-809-4869,200-8,32.628,-97.314,LCNG station,,,,,,,,,,,,,,,,,,,,,,,True,NONE,HD,,,,HD,,,,,,,,,Public - Carte de crédit en tout temps,,False,,,True
43676,Clean Energy - Laredo Flying J #730,LNG,P,US,TX,Laredo,1011 Beltway Pkwy,78045,2021-11-01 00:00:00+00:00,2025-09-12 21:23:31+00:00,public,24 hours daily; call 866-809-4869 for Clean Energy card,CREDIT_CARD_ALWAYS,A CleanEnergy D FuelMan M V Voyager Wright_Exp,2025-09-12 00:00:00+00:00,,Public - Credit card at all times,HD,False,E,TRAVEL_CENTER,866-809-4869,200-9,27.685,-99.466,,,,,,,,,,,,,,,,,,,,,,,,True,NONE,HD,,,,HD,,,,,,,,,Public - Carte de crédit en tout temps,,False,,,True
43677,Clean Energy - Mesquite,LNG,P,US,TX,Mesquite,3735 Forney Rd,75149,2016-01-19 00:00:00+00:00,2025-09-12 21:23:31+00:00,public,24 hours daily; call 866-809-4869 for Clean Energy card; Also accepts PFGiftCard,CREDIT_CARD_ALWAYS,A CleanEnergy Comdata D EFS FleetOne FuelMan M TCH V Voyager Wright_Exp,2025-09-12 00:00:00+00:00,,Public - Credit card at all times,HD,False,E,TRAVEL_CENTER,866-809-4869,200-9,32.789,-96.653,LCNG station,,,,,,,,,,,,,,,,,,,,,,,True,NONE,HD,,,,HD,,,,,,,,,Public - Carte de crédit en tout temps,,False,,,True
43682,Clean Energy - Waco Flying J #739,LNG,P,US,TX,Waco,2409 S New Rd,76711,2015-01-22 00:00:00+00:00,2025-06-06 18:39:50+00:00,public,24 hours daily; call 866-809-4869 for Clean Energy card; Also accepts PFGift Card,CREDIT_CARD_ALWAYS,A CleanEnergy Comdata D EFS FleetOne FuelMan M TCH Tchek V Voyager Wright_Exp,2024-12-10 00:00:00+00:00,,Public - Credit card at all times,HD,False,E,TRAVEL_CENTER,866-809-4869,200-9,31.507,-97.146,LCNG station,,,,,,,,,,,,,,,,,,,,,,,True,NONE,HD,,,,HD,,,,,,,,,Public - Carte de crédit en tout temps,,False,,,True
43718,Clean Energy - Mobile Pilot #302,LNG,P,US,AL,Theodore,6955 Theodore Dawes Rd,36582,2015-03-01 00:00:00+00:00,2025-09-12 21:23:31+00:00,public,24 hours daily; call 866-809-4869 for Clean Energy card; Also accepts PFGift Card,CREDIT_CARD_ALWAYS,A CleanEnergy Comdata D EFS FleetOne FuelMan M Speedway TCH V Voyager Wright_Exp,2025-09-12 00:00:00+00:00,,Public - Credit card at all times,HD,False,E,TRAVEL_CENTER,866-809-4869,200-9,30.559,-88.205,,,,,,,,,,,,,,,,,,,,,,,,True,NONE,HD,,,,HD,,,,,,,,,Public - Carte de crédit en tout temps,,False,,,True
43724,Clean Energy - Winslow Flying J #612,LNG,P,US,AZ,Winslow,404 Transcon Ln,86047,2014-09-20 00:00:00+00:00,2025-09-12 21:23:31+00:00,public,24 hours daily; call 866-809-4869 for Clean Energy card; Also accepts PFGift Card,CREDIT_CARD_ALWAYS,A CleanEnergy Comdata D EFS FleetOne FuelMan M TCH Tchek V Voyager Wright_Exp,2025-09-12 00:00:00+00:00,,Public - Credit card at all times,HD,False,E,TRAVEL_CENTER,866-809-4869,200-8,35.016,-110.675,LCNG station,,,,,,,,,,,,,,,,,,,,,,,True,NONE,HD,,,,HD,,,,,,,,,Public - Carte de crédit en tout temps,,False,,,True
43725,Clean Energy - Coachella Indio,LNG,P,US,CA,Coachella,45-601 Dillon Rd,92236,2013-12-31 00:00:00+00:00,2025-09-12 21:23:31+00:00,public,24 hours daily; call 866-809-4869 for Clean Energy card; Also accepts PFGiftCard,CREDIT_CARD_ALWAYS,A CleanEnergy Comdata D EFS FuelMan M Tchek V Voyager Wright_Exp,2025-09-12 00:00:00+00:00,,Public - Credit card at all times,HD,False,E,TRAVEL_CENTER,866-809-4869,GPS,33.718,-116.17,,,,,,,,,,,,,,,,,,,,,,,,True,NONE,HD,,,,HD,,,,,,,,,Public - Carte de crédit en tout temps,,False,,,True
43727,Clean Energy - Fontana Truck Stop,LNG,P,US,CA,Fontana,14230 Valley Blvd,92335,2013-12-31 00:00:00+00:00,2025-09-12 21:23:31+00:00,public,24 hours daily; call 866-809-4869 for Clean Energy card; Also accepts PFGift Card,CREDIT_CARD_ALWAYS,A CleanEnergy Comdata D EFS FleetOne FuelMan M TCH Tchek V Voyager Wright_Exp,2025-09-12 00:00:00+00:00,,Public - Credit card at all times,HD,False,E,TRUCK_STOP,866-809-4869,200-9,34.071,-117.495,LCNG station,,,,,,,,,,,,,,,,,,,,,,,True,NONE,HD,,,,HD,,,,,,,,,Public - Carte de crédit en tout temps,,False,,,True
44159,City of Seattle - Seattle Center,ELEC,LG,US,WA,Seattle,516 Harrison St,98109,2011-12-01 00:00:00+00:00,2025-05-27 16:56:55+00:00,public,24 hours daily; parking fee,CREDIT_CARD_ALWAYS,A D M V,2024-11-06 00:00:00+00:00,,Public - Credit card at all times,LD,False,E,MUNI_GOV,206-684-7340,200-8,47.622,-122.347,Located in the 5th Ave Garage,,,,,,,,,,,,,,6.0,Non-Networked,,,Free,,False,,,,,,,,,,,,,,,,,,Public - Carte de crédit en tout temps,,False,False,,
44849,Kwik Trip #870,LNG,P,US,WI,La Crosse,2002 Kwik Trip Way,54603,2012-05-10 00:00:00+00:00,2025-05-06 20:22:09+00:00,public,24 hours daily,CREDIT_CARD_ALWAYS,A D M V Voyager Wright_Exp,2023-12-13 00:00:00+00:00,,Public - Credit card at all times,HD,False,E,CONVENIENCE_STORE,855-710-3800,200-9,43.852,-91.226,,,,,,,,,,,,,,,,,,,,,,,,False,,HD,,,,HD,,,,,,,,,Public - Carte de crédit en tout temps,,False,,,False
45945,Ohana Honolulu Airport Hotel,ELEC,P,US,HI,Honolulu,3401 N Nimitz Hwy,96815,2012-06-30 00:00:00+00:00,2025-08-12 16:52:28+00:00,public,24 hours daily; guest use only,CALL,CREDIT D M V,2025-08-12 00:00:00+00:00,,Public - Call ahead,LD,True,E,HOTEL,808-836-0661,200-9,21.337,-157.918,,,,,,,,,,,,,,,2.0,Non-Networked,,,Free; parking fee $45 + tax per day,NONE,False,,,,,,,,,,,,,,,,,,Public - Appeler à l'avance,,True,False,,
47175,Bill Cole Nissan,ELEC,P,US,KY,Ashland,2701 Winchester Ave,41101,2012-01-31 00:00:00+00:00,2025-02-12 00:16:32+00:00,public,Dealership business hours,CREDIT_CARD_ALWAYS,A CREDIT D M V,2024-02-12 00:00:00+00:00,,Public - Credit card at all times,LD,False,E,CAR_DEALER,606-329-2288,200-9,38.472,-82.626,,,,,,,,,,,,,1.0,,1.0,Non-Networked,,,"DCFC: $0.99 per session, $0.37 per kWh",,False,,,,,,,,,,,,,,,,,,Public - Carte de crédit en tout temps,,False,False,,
47399,City of Columbus - City Hall,ELEC,LG,US,OH,Columbus,50 W Gay St,43215,2011-12-31 00:00:00+00:00,2025-07-11 20:11:15+00:00,public,24 hours daily; meter parking,,Cash D M V,2023-07-11 00:00:00+00:00,,Public,LD,False,E,MUNI_GOV,614-645-7602,200-9,39.964,-83.002,On Gay St near the corner of Front St,,,,,,,,,,,,,,1.0,Non-Networked,,,Free,,False,,,,,,,,,,,,,,,,,,Public,,False,False,,
47452,City of Columbus - Goodale Park,ELEC,LG,US,OH,Columbus,120 W Goodale St,43215,2016-10-07 00:00:00+00:00,2025-07-11 20:11:28+00:00,public,24 hours daily; meter parking,,Cash D M V,2023-07-11 00:00:00+00:00,,Public,LD,False,E,MUNI_GOV,614-645-3111,GPS,39.974,-83.006,Goodale St Between Park and Dennison St,,,,,,,,,,,,,,1.0,Non-Networked,,,Free,,False,,,,,,,,,,,,,,,,,,Public,,False,False,,
48640,Ocean Lakes Family Campground,ELEC,P,US,SC,Myrtle Beach,6001 S Kings Hwy,29575,2011-07-21 00:00:00+00:00,2025-02-19 16:33:12+00:00,public,8am-6pm daily; must obtain visitor pass from the main office; Drivers must bring their own J1772 cordset for Level 1 charging,CREDIT_CARD_ALWAYS,Cash Checks D M V,2022-09-14 00:00:00+00:00,,Public - Credit card at all times,MD,True,E,CAMPGROUND,843-238-5636,200-9,33.632,-78.959,Located at the intersection of Highway 544 & Bus 17,,,,,,,,,,,,,1.0,1.0,Non-Networked,,,$10 per session,,False,,,,,,,,,,,,,,,,,,Public - Carte de crédit en tout temps,,True,False,,
48836,Marcum Copp Barbieri DDS,ELEC,P,US,CA,San Luis Obispo,1129 Pacific St,93401,2012-07-01 00:00:00+00:00,2025-05-27 17:00:38+00:00,public,24 hours daily,CREDIT_CARD_ALWAYS,A D M V,2023-05-03 00:00:00+00:00,,Public - Credit card at all times,LD,True,E,OFFICE_BLDG,805-541-8731,GPS,35.281,-120.657,"From Pacific St, turn right into the lot.  Charger is in the back.",,,,,,,,,,,,,,1.0,Non-Networked,,,Free for customers; $5 per hour for non-customers,SOLAR,False,,,,,,,,,,,,,,,,,,Public - Carte de crédit en tout temps,,True,False,,
48864,City of Santa Fe - Railyard Parking Garage,ELEC,LG,US,NM,Santa Fe,503 Camino de la Familia,87501,2020-01-02 00:00:00+00:00,2025-02-12 00:16:32+00:00,public,"Garage business hours; PayPal, Google Pay",,APPLE_PAY CREDIT Debit,2025-01-13 00:00:00+00:00,,Public,LD,False,E,MUNI_GOV,505-955-6581,GPS,35.685,-105.948,2nd and 3rd space to the left as you drive in,,,,,,,,,,,,,,2.0,Non-Networked,,,Free,,False,,,,,,,,,,,,,,,,,,Public,,False,False,,
50153,City of Pasadena - Los Robles Garage,ELEC,LG,US,CA,Pasadena,400 E Green St,91101,2012-11-27 00:00:00+00:00,2025-06-06 18:42:11+00:00,public,24 hours daily; pay lot,,CREDIT,2025-06-06 00:00:00+00:00,,Public,LD,False,E,PARKING_GARAGE,626-744-7665,200-9,34.144,-118.142,,,,,,,,,,,,,,,6.0,Non-Networked,,,Free,,False,,,,,,,,,,,,,,,,,,Public,,False,False,,
50154,City of Pasadena - Plaza Las Fuentes,ELEC,LG,US,CA,Pasadena,135 N Los Robles Ave,91101,2012-11-27 00:00:00+00:00,2025-06-06 18:42:11+00:00,public,24 hours daily; pay lot,,CREDIT,2025-06-06 00:00:00+00:00,,Public,LD,False,E,PARKING_GARAGE,626-744-7665,200-9,34.148,-118.142,,,,,,,,,,,,,,,4.0,Non-Networked,,,Free,,False,,,,,,,,,,,,,,,,,,Public,,False,False,,
50157,Best Western - Pepper Tree Inn,ELEC,P,US,CA,Santa Barbara,3850 State St,93105,2012-12-20 00:00:00+00:00,2025-06-06 18:42:11+00:00,public,24 hours daily; guest use only; 2 hour limit,,A Cash D Debit M V,2025-06-06 00:00:00+00:00,,Public,LD,True,E,HOTEL,805-687-5511,200-9,34.441,-119.749,,,,,,,,,,,,,,,2.0,Non-Networked,,,Free,,False,,,,,,,,,,,,,,,,,,Public,,True,False,,
51602,Clean Energy - West Sacramento,LNG,P,US,CA,West Sacramento,4305 W Capitol Ave,95691,2014-12-15 00:00:00+00:00,2025-09-12 21:23:31+00:00,public,24 hours daily; call 866-809-4869 for Clean Energy card; Also accepts PFGift Card,CREDIT_CARD_ALWAYS,A CleanEnergy Comdata D EFS FleetOne FuelMan M TCH Tchek V Voyager Wright_Exp,2025-09-12 00:00:00+00:00,,Public - Credit card at all times,HD,False,E,STANDALONE_STATION,866-809-4869,GPS,38.577,-121.57,,,,,,,,,,,,,,,,,,,,,,,,True,NONE,HD,,,,HD,,,,,,,,,Public - Carte de crédit en tout temps,,False,,,True
51606,Clean Energy - Albany,LNG,P,US,GA,Albany,1540 Trailer Ln,31705,2014-10-31 00:00:00+00:00,2025-09-12 21:23:31+00:00,public,24 hours daily; call 866-809-4869 for Clean Energy card; Also accepts PFGift Card,CREDIT_CARD_ALWAYS,A CleanEnergy Comdata D EFS FleetOne FuelMan M Speedway TCH Tchek V Voyager Wright_Exp,2025-09-12 00:00:00+00:00,,Public - Credit card at all times,HD,False,E,STANDALONE_STATION,866-809-4869,200-9,31.539,-84.103,,,,,,,,,,,,,,,,,,,,,,,,True,NONE,HD,,,,HD,,,,,,,,,Public - Carte de crédit en tout temps,,False,,,True
51697,Bob Boyd Ford,ELEC,P,US,OH,Lancaster,2840 N Columbus St,43130,2016-12-27 00:00:00+00:00,2025-02-12 00:16:32+00:00,public,24 hours daily,,CREDIT,2024-08-15 00:00:00+00:00,,Public,LD,True,E,CAR_DEALER,740-654-1122,200-9,39.746,-82.648,Located near the rear service door,,,,,,,,,,,,,,2.0,Non-Networked,,,Pay to use; rate unknown,,False,,,,,,,,,,,,,,,,,,Public,,True,False,,
51698,Beau Townsend Ford,ELEC,P,US,OH,Vandalia,1020 W National Rd,45377,2013-03-01 00:00:00+00:00,2025-06-12 15:35:17+00:00,public,24 hours daily,,CREDIT D M V,2023-10-12 00:00:00+00:00,,Public,LD,True,E,CAR_DEALER,800-998-9596,200-9,39.889,-84.217,,,,,,,,,,,,,4.0,,2.0,Non-Networked,,,DC: $0.52 per Kw,,False,,,,,,,,,,,,,,,,,,Public,,True,False,,
52642,City of Loveland - Civic Center,ELEC,LG,US,CO,Loveland,500 E 3rd St,80537,2013-08-01 00:00:00+00:00,2024-01-31 22:07:01+00:00,public,24 hours daily,CREDIT_CARD_ALWAYS,A D M V,2023-12-13 00:00:00+00:00,,Public - Credit card at all times,LD,False,E,MUNI_GOV,970-962-3000,200-8,40.394,-105.07,South Side of Parking Lot,,,,,,,,,,,,,,2.0,Non-Networked,,,$0.20 per kWh,,False,,,,,,,,,,,,,,,,,,Public - Carte de crédit en tout temps,,False,False,,
52644,City of Loveland - Public Library,ELEC,LG,US,CO,Loveland,300 Adams St,80537,2021-06-01 00:00:00+00:00,2024-01-31 22:07:01+00:00,public,24 hours daily,CREDIT_CARD_ALWAYS,A D M V,2023-12-13 00:00:00+00:00,,Public - Credit card at all times,LD,False,E,LIBRARY,970-962-3000,GPS,40.394,-105.069,SE Corner of Parking Lot,,,,,,,,,,,,,,2.0,Non-Networked,,,$0.20 per kWh,,False,,,,,,,,,,,,,,,,,,Public - Carte de crédit en tout temps,,False,False,,
52658,Saint Meinrad Archabbey,ELEC,P,US,IN,St. Meinrad,200 Hill Dr,47577,2013-08-01 00:00:00+00:00,2025-02-12 00:16:32+00:00,public,School business hours; call 812-357-6611 if you wish to make a reservation,,A Cash Checks D M V,2024-12-10 00:00:00+00:00,,Public,MD,False,E,SCHOOL,812-357-6611,200-8,38.166,-86.813,"From State Rd 62, turn south onto 6th St. The Guest House parking lot is on the left.",,,,,,,,,,,,,,2.0,Non-Networked,,,$1.50 per hour,,False,,,,,,,,,,,,,,,,,,Public,,False,False,,
52659,Mount Washington Auto Road,ELEC,P,US,NH,Greens Grant,1 Mount Washington Auto Rd,3581,2016-05-01 00:00:00+00:00,2025-07-03 19:15:09+00:00,public,24 hours daily,CREDIT_CARD_ALWAYS,A CREDIT D Debit M V,2025-07-03 00:00:00+00:00,,Public - Credit card at all times,LD,False,E,CONVENIENCE_STORE,603-466-3988,GPS,44.289,-71.225,Located on left side of Red Barn at the lodge on the east side of Rt 16.,,,,,,,,,,,,,,4.0,Non-Networked,,,$2.36 per kWh,,False,,,,,,,,,,,,,,,,,,Public - Carte de crédit en tout temps,,False,False,,
52836,Vanderbilt University - Surface Lot,ELEC,P,US,TN,Nashville,124 21st Ave S,37212,2012-08-31 00:00:00+00:00,2025-07-21 20:35:20+00:00,public,24 hours daily; pay lot; Also accepts Vanderbilt ID,CREDIT_CARD_ALWAYS,A D M V,2023-01-10 00:00:00+00:00,,Public - Credit card at all times,LD,True,E,COLLEGE_CAMPUS,615-322-2554,200-9,36.149,-86.8,,,,,,,,,,,,,,,10.0,Non-Networked,,,Free,SOLAR,False,,,,,,,,,,,,,,,,,,Public - Carte de crédit en tout temps,,True,False,,
53677,City of Pasadena - Marriott Garage,ELEC,LG,US,CA,Pasadena,171 N Raymond Ave,91103,2013-07-01 00:00:00+00:00,2025-06-06 18:42:11+00:00,public,24 hours daily; pay lot,,CREDIT,2025-06-06 00:00:00+00:00,,Public,LD,False,E,PARKING_GARAGE,626-577-8963  626-744-7655,200-8,34.149,-118.149,,,,,,,,,,,,,,,3.0,Non-Networked,,,Free,,False,,,,,,,,,,,,,,,,,,Public,,False,False,,
60648,Springfield Route 66 KOA,ELEC,P,US,MO,Springfield,5775 W Farm Rd 140,65802,2014-05-15 00:00:00+00:00,2025-06-03 19:33:48+00:00,public,8am-8pm daily,,A Cash Checks D M V,2024-07-11 00:00:00+00:00,,Public,HD,False,E,CAMPGROUND,417-831-3645,GPS,37.199,-93.403,,,,,,,,,,,,,,,1.0,Non-Networked,,,$15 per session,,False,,,,,,,,,,,,,,,,,,Public,,False,False,,
60758,Coventry Town Hall,ELEC,LG,US,CT,Coventry,1712 Main St,6238,2013-12-15 00:00:00+00:00,2025-06-06 18:42:11+00:00,public,24 hours daily,,CREDIT V,2025-06-06 00:00:00+00:00,,Public,LD,False,E,MUNI_GOV,860-742-6324,200-8,41.78,-72.312,Located behind Town Hall,,,,,,,,,,,,,,2.0,Non-Networked,,,Free; $0.36 per kWh,NONE,False,,,,,,,,,,,,,,,,,,Public,,False,False,,
60929,Clean Energy - Vandalia Pilot Flying J #97,LNG,P,US,OH,Vandalia,175 Northwoods Blvd,45377,2016-01-19 00:00:00+00:00,2025-09-12 21:23:31+00:00,public,24 hours daily; call 866-809-4869 for Clean Energy card; Also accepts PFGift Card,CREDIT_CARD_ALWAYS,A CleanEnergy Comdata D EFS FuelMan M TCH Tchek V Voyager,2025-09-12 00:00:00+00:00,,Public - Credit card at all times,HD,False,E,TRAVEL_CENTER,866-809-4869,200-9,39.902,-84.192,LCNG station,,,,,,,,,,,,,,,,,,,,,,,True,NONE,HD,,,,HD,,,,,,,,,Public - Carte de crédit en tout temps,,False,,,True
61160,Clean Energy - City of Commerce,LNG,P,US,CA,Commerce,5926 Sheila St,90040,2014-04-10 00:00:00+00:00,2025-09-12 21:23:31+00:00,public,24 hours daily; call 866-809-4869 for Clean Energy card,CREDIT_CARD_ALWAYS,A CleanEnergy Comdata D EFS FleetOne FuelMan M TCH V Voyager Wright_Exp,2025-09-12 00:00:00+00:00,,Public - Credit card at all times,HD,False,E,STANDALONE_STATION,866-809-4869,200-8,34.003,-118.171,LCNG Redeem station,,,,,,,,,,,,,,,,,,,,,,,True,NONE,HD,,,,HD,,,,,,,,,Public - Carte de crédit en tout temps,,False,,,True
